num_training_step_calls_per_iteration,num_env_steps_sampled_lifetime,done,training_iteration,trial_id,date,timestamp,time_this_iter_s,time_total_s,pid,hostname,node_ip,time_since_restore,iterations_since_restore,timers/training_iteration,timers/restore_env_runners,timers/training_step,timers/env_runner_sampling_timer,timers/learner_update_timer,timers/synch_weights,env_runners/connector_pipeline_timer,env_runners/env_to_module_sum_episodes_length_in,env_runners/episode_len_max,env_runners/env_to_module_sum_episodes_length_out,env_runners/episode_duration_sec_mean,env_runners/num_env_steps_sampled,env_runners/episode_len_mean,env_runners/rlmodule_inference_timer,env_runners/time_between_sampling,env_runners/episode_return_min,env_runners/episode_len_min,env_runners/episode_return_mean,env_runners/num_episodes_lifetime,env_runners/sample,env_runners/num_env_steps_sampled_lifetime,env_runners/env_reset_timer,env_runners/num_episodes,env_runners/env_step_timer,env_runners/episode_return_max,env_runners/weights_seq_no,env_runners/num_env_steps_sampled_lifetime_throughput,fault_tolerance/num_healthy_workers,fault_tolerance/num_remote_worker_restarts,env_runner_group/actor_manager_num_outstanding_async_reqs,perf/cpu_util_percent,perf/ram_util_percent,env_runners/module_to_env_connector/connector_pipeline_timer,env_runners/num_agent_steps_sampled_lifetime/human_0,env_runners/num_agent_steps_sampled_lifetime/human_1,env_runners/num_agent_steps_sampled_lifetime/human_2,env_runners/num_agent_steps_sampled/human_2,env_runners/num_agent_steps_sampled/human_0,env_runners/num_agent_steps_sampled/human_1,env_runners/agent_steps/human_2,env_runners/agent_steps/human_0,env_runners/agent_steps/human_1,env_runners/env_to_module_connector/connector_pipeline_timer,env_runners/module_episode_returns_mean/shared_policy,env_runners/agent_episode_returns_mean/human_0,env_runners/agent_episode_returns_mean/human_1,env_runners/agent_episode_returns_mean/human_2,env_runners/num_module_steps_sampled/shared_policy,env_runners/num_module_steps_sampled_lifetime/shared_policy,learners/shared_policy/mean_kl_loss,learners/shared_policy/curr_kl_coeff,learners/shared_policy/policy_loss,learners/shared_policy/vf_loss,learners/shared_policy/default_optimizer_learning_rate,learners/shared_policy/vf_loss_unclipped,learners/shared_policy/total_loss,learners/shared_policy/weights_seq_no,learners/shared_policy/diff_num_grad_updates_vs_sampler_policy,learners/shared_policy/num_trainable_parameters,learners/shared_policy/curr_entropy_coeff,learners/shared_policy/module_train_batch_size_mean,learners/shared_policy/vf_explained_var,learners/shared_policy/num_module_steps_trained,learners/shared_policy/entropy,learners/shared_policy/num_module_steps_trained_lifetime,learners/shared_policy/num_module_steps_trained_lifetime_throughput,learners/__all_modules__/num_trainable_parameters,learners/__all_modules__/num_env_steps_trained_lifetime,learners/__all_modules__/learner_connector_sum_episodes_length_out,learners/__all_modules__/num_non_trainable_parameters,learners/__all_modules__/learner_connector_sum_episodes_length_in,learners/__all_modules__/num_module_steps_trained,learners/__all_modules__/num_env_steps_trained,learners/__all_modules__/num_module_steps_trained_lifetime,learners/__all_modules__/num_env_steps_trained_lifetime_throughput,learners/__all_modules__/num_module_steps_trained_lifetime_throughput,env_runners/timers/connectors/agent_to_module_mapping,env_runners/timers/connectors/numpy_to_tensor,env_runners/timers/connectors/add_observations_from_episodes_to_batch,env_runners/timers/connectors/batch_individual_items,env_runners/timers/connectors/add_states_from_episodes_to_batch,env_runners/timers/connectors/add_time_dim_to_batch_and_zero_pad,learners/__all_modules__/learner_connector/connector_pipeline_timer,env_runners/module_to_env_connector/timers/connectors/listify_data_for_vector_env,env_runners/module_to_env_connector/timers/connectors/un_batch_to_individual_items,env_runners/module_to_env_connector/timers/connectors/normalize_and_clip_actions,env_runners/module_to_env_connector/timers/connectors/tensor_to_numpy,env_runners/module_to_env_connector/timers/connectors/get_actions,env_runners/module_to_env_connector/timers/connectors/remove_single_ts_time_rank_from_batch,env_runners/module_to_env_connector/timers/connectors/module_to_agent_unmapping,env_runners/env_to_module_connector/timers/connectors/numpy_to_tensor,env_runners/env_to_module_connector/timers/connectors/add_observations_from_episodes_to_batch,env_runners/env_to_module_connector/timers/connectors/batch_individual_items,env_runners/env_to_module_connector/timers/connectors/add_states_from_episodes_to_batch,env_runners/env_to_module_connector/timers/connectors/add_time_dim_to_batch_and_zero_pad,env_runners/env_to_module_connector/timers/connectors/agent_to_module_mapping,learners/__all_modules__/learner_connector/timers/connectors/add_observations_from_episodes_to_batch,learners/__all_modules__/learner_connector/timers/connectors/agent_to_module_mapping,learners/__all_modules__/learner_connector/timers/connectors/general_advantage_estimation,learners/__all_modules__/learner_connector/timers/connectors/add_columns_from_episodes_to_train_batch,learners/__all_modules__/learner_connector/timers/connectors/batch_individual_items,learners/__all_modules__/learner_connector/timers/connectors/add_states_from_episodes_to_batch,learners/__all_modules__/learner_connector/timers/connectors/add_one_ts_to_episodes_and_truncate,learners/__all_modules__/learner_connector/timers/connectors/add_time_dim_to_batch_and_zero_pad,learners/__all_modules__/learner_connector/timers/connectors/numpy_to_tensor
1,22000.0,False,1,76942_00000,2026-01-15_15-15-01,1768486501,22.268529415130615,22.268529415130615,24224,DESKTOP-1HI26E8,127.0.0.1,22.268529415130615,1,22.261278200006927,2.4599998141638935e-05,22.260864700001548,11.971257700002752,10.279779599994072,0.004508099998929538,0.0007525999899371527,129.70023112683015,2000,129.70023112683015,8.908766700027627,4000.0,2000.0,0.0004039249771946079,0.021903224493969274,-14740.306499999999,2000,-14413.205999999998,2.0,3.5108250607519196,22000.0,2.678075349998835,2.0,0.002068204547763218,-14086.1055,0.0,nan,2,0,2,20.53125,46.021875,0.00097559798590928,22000.0,22000.0,22000.0,4000.0,4000.0,4000.0,2000.0,2000.0,2000.0,0.0003733193140428875,-13207.175333333329,-4830.407166666667,-4805.5124166666665,-4777.286416666666,12000.0,66000.0,0.0023739121,0.10000000149011612,0.14675741,9.96087,0.0003,24496.246,10.097124,1.0,1.0,294916,0.01,256.0,0.0002040863,120832,1.0977092,120832,nan,294916,1888000,4000,0,4000,120832,1888000,120832,nan,nan,1.095001061912626e-05,0.00010494999878574163,7.159999950090419e-05,6.414999370463192e-05,1.0799994925037026e-05,2.5300003471784294e-05,1.125584199995501,2.8369250311368667e-05,7.738003988675055e-05,0.00010425535994360866,0.0001123445882073196,0.0004638113932806631,3.4565781950652256e-06,7.878251846835524e-06,7.836981295010316e-05,6.421474614318372e-05,5.2382231449537664e-05,1.117731418562111e-05,2.022217630109532e-05,1.1367904822079219e-05,0.001097999993362464,0.020665899995947257,0.11686280000139959,0.451376099998015,0.48958009999478236,1.6300007700920105e-05,0.03621569999086205,4.329999501351267e-05,0.008633999997982755
1,26000.0,False,2,76942_00000,2026-01-15_15-15-23,1768486523,22.17522168159485,44.443751096725464,24224,DESKTOP-1HI26E8,127.0.0.1,44.443751096725464,2,22.260346767006848,2.4566998035879806e-05,22.2599318950015,11.969144168002677,10.28094180799424,0.0045016349990328304,0.0007525999899371527,131.69041762873871,2000,131.69041762873871,8.881764386387657,4000.0,2000.0,0.0003180204676579612,0.12094455287752177,-14800.686499999998,2000,-14288.974568181822,4.000000000000002,3.2858054913530723,26000.0,2.678075349998835,2.0,0.0024330747257501196,-11292.634,1.0,181.01744948482195,2,0,2,21.283870967741933,46.14516129032259,0.0008111779019193582,26000.0,26000.0,26000.0,4000.0,4000.0,4000.0,2000.0,2000.0,2000.0,0.00035353144923929764,-13107.063727272722,-4788.713606060608,-4763.989196969695,-4736.271765151513,12000.0,78000.0,0.0067097917,0.10000000149011612,0.086147174,9.915227,0.0003,19571.895,9.991123,2.0,1.0,294916,0.01,256.0,0.00043666363,120832,1.0922234,241664,nan,294916,3776000,4000.0,0,4000.0,120832,1888000,241664,nan,nan,1.095001061912626e-05,0.00010494999878574163,7.159999950090419e-05,6.414999370463192e-05,1.0799994925037026e-05,2.5300003471784294e-05,1.1273775049955292,2.7282006761135055e-05,7.277093119671716e-05,9.542913916329114e-05,0.00010510993116718817,0.0003257956236361611,3.2673320618417604e-06,7.214403655921622e-06,7.448459532414442e-05,6.139075476573354e-05,4.9335122572465125e-05,9.708046994935466e-06,1.9955924386062678e-05,1.0589027749531912e-05,0.0010981509933480993,0.020669861995993417,0.11686133600131143,0.45163326799796777,0.4912151109948172,1.629300764761865e-05,0.036203482990822516,4.3306995066814125e-05,0.008550109998031985
1,30000.0,False,3,76942_00000,2026-01-15_15-15-45,1768486545,21.952953338623047,66.39670443534851,24224,DESKTOP-1HI26E8,127.0.0.1,66.39670443534851,3,22.257199187336717,2.45893280589371e-05,22.256780526051518,11.967066999322576,10.27985041791433,0.004492032649055181,0.0007525999899371527,131.6904176324108,2000,131.6904176324108,8.755348295245009,4000.0,2000.0,0.0003177567949101621,0.21177610167348634,-14830.715000000002,2000,-13745.90344047619,6.0000000000000036,3.081141001721609,30000.0,2.678075349998835,2.0,0.0024427239272929906,-11292.634,2.0,180.971739882075,2,0,2,20.045161290322582,46.17419354838711,0.000806500327816682,30000.0,30000.0,30000.0,4000.0,4000.0,4000.0,2000.0,2000.0,2000.0,0.0003547591344405579,-12669.372686507933,-4606.1594642857135,-4582.307404761904,-4557.436571428571,12000.0,90000.0,0.0024162184,0.05000000074505806,-0.0053011114,9.889467,0.0003,21148.773,9.873541,3.0,1.0,294916,0.01,256.0,0.00021642447,120832,1.0866324,362496,5496.078660771131,294916,5664000,4000.0,0,4000.0,120832,1888000,362496,85876.30563423787,5496.08136067114,1.095001061912626e-05,0.00010494999878574163,7.159999950090419e-05,6.414999370463192e-05,1.0799994925037026e-05,2.5300003471784294e-05,1.12712234094561,2.72433142136864e-05,7.316464086947128e-05,9.542817139764377e-05,0.00010546706756307219,0.0003238937419744456,3.5180936076817425e-06,7.346802606428873e-06,7.449108701846416e-05,6.163018627217124e-05,4.862393527463904e-05,9.863168169904773e-06,1.928974982009829e-05,1.0847354904178768e-05,0.001098553483368596,0.020665148376055004,0.11681658264123253,0.4516424113179688,0.49114537888492044,1.6241077543236317e-05,0.0361467521608356,4.319492508657277e-05,0.008467045898127254
1,34000.0,False,4,76942_00000,2026-01-15_15-16-08,1768486568,22.523898601531982,88.9206030368805,24224,DESKTOP-1HI26E8,127.0.0.1,88.9206030368805,4,22.25977475146336,2.4607434751305845e-05,22.259352713791053,11.966134600329388,10.283276635735085,0.004496814322524864,0.0007525999899371527,131.6904176324108,2000,131.6904176324108,8.688899612996902,4000.0,2000.0,0.00031938986883491417,0.29175390929931627,-14830.715000000002,2000,-13716.152034999994,8.000000000000004,2.8971678081386205,34000.0,2.678075349998835,2.0,0.0024555174878887285,-11292.634,3.0,180.97410941115726,2,0,2,21.170967741935485,46.087096774193526,0.0008172233842936225,34000.0,34000.0,34000.0,4000.0,4000.0,4000.0,2000.0,2000.0,2000.0,0.0003630521603760237,-12641.209853333332,-4592.833519999999,-4571.3702650000005,-4551.94825,12000.0,102000.0,0.0022633309,0.02500000037252903,0.02694097,9.924343,0.0003,19702.629,9.940539,4.0,1.0,294916,0.01,256.0,0.0007286072,120832,1.0859349,483328,5489.219664178723,294916,7552000,4000.0,0,4000.0,120832,1888000,483328,85769.13523918041,5489.222180362125,1.095001061912626e-05,0.00010494999878574163,7.159999950090419e-05,6.414999370463192e-05,1.0799994925037026e-05,2.5300003471784294e-05,1.1286723485361336,2.7483631611729174e-05,7.407952635670786e-05,9.734845871183531e-05,0.00010728851458639175,0.0003267364154238433,3.358490549092786e-06,7.755831888832266e-06,7.552247738637271e-05,6.310431348091268e-05,5.0363815146883145e-05,9.903377858518397e-06,1.955782060826075e-05,1.0665982779081496e-05,0.001098554948521836,0.020692814892296983,0.1167212198148084,0.4517484892047729,0.492815407096109,1.618466670182534e-05,0.036076719639335564,4.311897592712194e-05,0.008384857439273183
1,38000.0,False,5,76942_00000,2026-01-15_15-16-30,1768486590,22.239968061447144,111.16057109832764,24224,DESKTOP-1HI26E8,127.0.0.1,111.16057109832764,5,22.25949327394874,2.4587360378438463e-05,22.259069881653193,11.966354335326152,10.282733986377819,0.004497056179252546,0.0007525999899371527,131.6904176324108,2000,131.6904176324108,8.693298313001867,4000.0,2000.0,0.000333306629219109,0.3683700521816885,-14830.715000000002,2000,-13623.502079999997,9.999999999999991,2.7319321079038534,38000.0,2.678075349998835,2.0,0.002488810890871491,-11292.634,4.0,180.74739597754535,2,0,2,20.44193548387096,46.10645161290321,0.0008289142764572943,38000.0,38000.0,38000.0,4000.0,4000.0,4000.0,2000.0,2000.0,2000.0,0.0003694062211651877,-12528.394314999994,-4551.478208333332,-4542.713343333334,-4529.310528333333,12000.0,114000.0,0.0022223769,0.012500000186264515,-0.045965414,9.936277,0.0003,19318.27,9.879502,5.0,1.0,294916,0.01,256.0,0.0002130866,120832,1.0864607,604160,5485.960979843967,294916,9440000,4000.0,0,4000.0,120832,1888000,604160,85718.2106878522,5485.963502915082,1.095001061912626e-05,0.00010494999878574163,7.159999950090419e-05,6.414999370463192e-05,1.0799994925037026e-05,2.5300003471784294e-05,1.1280271640508344,2.7912835186507182e-05,7.422364606587923e-05,9.786712936608425e-05,0.00010681373521313359,0.00033431921617635733,3.3624432964157442e-06,7.696883454734575e-06,7.82278663246471e-05,6.270110414744107e-05,5.141426207793419e-05,1.0424785276434616e-05,2.002005669239143e-05,1.11621827570908e-05,0.0011011143990018513,0.020673097743385316,0.11661770361671596,0.4515715273127168,0.4926279770251509,1.615982005935861e-05,0.03600311344295695,4.308978617297486e-05,0.008303748864934924
1,42000.0,False,6,76942_00000,2026-01-15_15-16-52,1768486612,22.21066188812256,133.3712329864502,24224,DESKTOP-1HI26E8,127.0.0.1,133.3712329864502,6,22.258927246209296,2.455948683390296e-05,22.258502589836603,11.963488360972935,10.285023609514077,0.0044901726174535585,0.0007525999899371527,131.6904176324108,2000,131.6904176324108,8.772851458005753,4000.0,2000.0,0.00033072208772732024,0.4340106005069478,-14830.715000000002,2000,-13622.104504999998,11.999999999999991,2.581274202779522,42000.0,2.678075349998835,2.0,0.002436820423388514,-10516.032,5.0,180.81538414825658,2,0,2,20.125,46.103125000000006,0.0008292141400222169,42000.0,42000.0,42000.0,4000.0,4000.0,4000.0,2000.0,2000.0,2000.0,0.00037104383384198487,-12481.454235000001,-4553.739733333333,-4544.421858333333,-4523.942913333332,12000.0,126000.0,0.007101997,0.012500000186264515,0.10881667,9.932106,0.0003,17100.947,10.030298,6.0,1.0,294916,0.01,256.0,0.00021493435,120832,1.0712943,724992,5483.2172541127475,294916,11328000,4000.0,0,4000.0,120832,1888000,724992,85675.33271643259,5483.2195607086105,1.095001061912626e-05,0.00010494999878574163,7.159999950090419e-05,6.414999370463192e-05,1.0799994925037026e-05,2.5300003471784294e-05,1.1295089014103243,2.7435984415445136e-05,7.544988719260682e-05,9.762597794391892e-05,0.00011048738337467185,0.00033286026422114397,3.4209611058809793e-06,7.5499668384501175e-06,7.725979000134136e-05,6.695177590062349e-05,5.0740796084640394e-05,1.0258594237699907e-05,2.0651728505026848e-05,1.1097753137903239e-05,0.001104881254906992,0.020677093766036634,0.1167502615805673,0.45140712403966127,0.49428169825486507,1.6122221784328135e-05,0.03594118430846983,4.313488829776515e-05,0.00822340737615053
1,46000.0,False,7,76942_00000,2026-01-15_15-17-15,1768486635,22.737568140029907,156.1088011264801,24224,DESKTOP-1HI26E8,127.0.0.1,156.1088011264801,7,22.263619421747197,2.454789200112555e-05,22.26319079293822,11.962791573363262,10.290332793418948,0.004488491891220719,0.0007525999899371527,131.6904176324108,2000,131.6904176324108,8.805858775007366,4000.0,2000.0,0.0003241129976909898,0.4960468334518787,-14033.2065,2000,-12761.690195,13.999999999999984,2.444919979443658,46000.0,2.678075349998835,2.0,0.002477155958280147,-9835.734499999995,6.0,180.6808733690883,2,0,2,21.89375,46.121875,0.0008239144064905101,46000.0,46000.0,46000.0,4000.0,4000.0,4000.0,2000.0,2000.0,2000.0,0.0003673648119949967,-11715.776324999999,-4265.623456666665,-4257.106806666667,-4238.959931666666,12000.0,138000.0,0.0051887645,0.012500000186264515,0.031232342,9.866578,0.0003,12049.19,9.887028,7.0,1.0,294916,0.01,256.0,5.1140785e-05,120832,1.0847092,845824,5474.505900136828,294916,13216000,4000.0,0,4000.0,120832,1888000,845824,85539.21788007638,5474.507935118209,1.095001061912626e-05,0.00010494999878574163,7.159999950090419e-05,6.414999370463192e-05,1.0799994925037026e-05,2.5300003471784294e-05,1.1292788203960806,2.7496897429058793e-05,7.497527281947522e-05,9.608025447484651e-05,0.00010749989478623254,0.0003313832508708715,3.3873058929896063e-06,7.6284945977795215e-06,7.532520864819987e-05,6.364604435381142e-05,5.0830537186191105e-05,1.0387791137219452e-05,2.0207335684451093e-05,1.1196885097918908e-05,0.0011046754424125145,0.02067616682838725,0.1166859939648076,0.45150344079926563,0.49414696527242213,1.6071999538578705e-05,0.03590079046539437,4.305453946812993e-05,0.008143646302447695
1,50000.0,False,8,76942_00000,2026-01-15_15-17-38,1768486658,22.847118854522705,178.9559199810028,24224,DESKTOP-1HI26E8,127.0.0.1,178.9559199810028,8,22.269375122529674,2.4602413037155872e-05,22.268943628008753,11.966848387629724,10.292007960484781,0.004485426972350719,0.0007525999899371527,131.6904176324108,2000,131.6904176324108,8.789332432007798,4000.0,2000.0,0.00035374681336406116,0.5554938830794208,-13851.739499999996,2000,-11533.783149999997,15.999999999999984,2.325118771177741,50000.0,2.678075349998835,2.0,0.002540523961892854,-9835.734499999995,7.0,180.24942598225914,2,0,2,22.303125,46.140625,0.0008669421545768675,50000.0,50000.0,50000.0,4000.0,4000.0,4000.0,2000.0,2000.0,2000.0,0.0003840408199664549,-10608.078044999998,-3855.5003433333327,-3849.6694033333333,-3828.6134033333324,12000.0,150000.0,0.004201558,0.0062500000931322575,0.02251577,9.923306,0.0003,15065.337,9.934986,8.0,1.0,294916,0.01,256.0,2.8550625e-05,120832,1.0887873,966656,5464.709446915702,294916,15104000,4000.0,0,4000.0,120832,1888000,966656,85386.14205835601,5464.7115450241545,1.095001061912626e-05,0.00010494999878574163,7.159999950090419e-05,6.414999370463192e-05,1.0799994925037026e-05,2.5300003471784294e-05,1.1309510561921243,2.8219707312568045e-05,7.739221823697411e-05,0.0001026028365654185,0.00011405729157476689,0.00035246492684769254,3.6725784190139675e-06,7.765378159009523e-06,8.290170143202477e-05,6.620131333738167e-05,5.389463688264811e-05,1.0446546758511008e-05,2.1554129491628853e-05,1.1840680829850002e-05,0.0011046116879448575,0.02067587716009413,0.11668179202511697,0.45164168339130695,0.4958335206196524,1.6020279645576934e-05,0.03583689556076966,4.297099409633309e-05,0.008065477839423607
1,54000.0,False,9,76942_00000,2026-01-15_15-18-05,1768486685,27.662971019744873,206.61889100074768,24224,DESKTOP-1HI26E8,127.0.0.1,206.61889100074768,9,22.323214714304424,2.4570388790056065e-05,22.322781602728654,12.004486306753392,10.308159564880016,0.004485231702604613,0.0007525999899371527,131.6904176324108,2000,131.6904176324108,9.016443479019507,4000.0,2000.0,0.00047208349804324704,0.6060687264821154,-13744.388499999995,2000,-11205.257324999999,17.999999999999986,2.2351534522908367,54000.0,2.678075349998835,2.0,0.003299009334602749,-9835.734499999995,8.0,178.85726512552225,2,0,2,28.6921052631579,46.06315789473685,0.0011436717969562974,54000.0,54000.0,54000.0,4000.0,4000.0,4000.0,2000.0,2000.0,2000.0,0.0005119463493721088,-10331.148193333333,-3746.209685,-3737.042514999999,-3722.0051249999997,12000.0,162000.0,0.003758531,0.0031250000465661287,-0.028026832,9.814734,0.0003,18241.053,9.775906,9.0,1.0,294916,0.01,256.0,0.0003401637,120832,1.0825111,1087488,5409.618637100336,294916,16992000,4000.0,0,4000.0,120832,1888000,1087488,84525.45328146032,5409.6241567014185,1.095001061912626e-05,0.00010494999878574163,7.159999950090419e-05,6.414999370463192e-05,1.0799994925037026e-05,2.5300003471784294e-05,1.1326756356302041,3.932232830327591e-05,0.00010110791259771562,0.0001345716752015069,0.00014428114322370518,0.0004650523911259313,4.968062394621688e-06,1.040927496579108e-05,0.00011090412143924834,8.86136725901257e-05,7.23685917991297e-05,1.3765708688981239e-05,2.885477188149161e-05,1.5080262388329476e-05,0.0011093775711214391,0.020761256388424774,0.11674843610481138,0.45280913655746013,0.49627838741347174,1.5975076851672987e-05,0.0358757576052592,4.287928410972378e-05,0.007987533061000928
1,58000.0,False,10,76942_00000,2026-01-15_15-18-34,1768486714,28.57138705253601,235.1902780532837,24224,DESKTOP-1HI26E8,127.0.0.1,235.1902780532837,10,22.385579605161357,2.4681684855665745e-05,22.38514273670146,12.04658381468594,10.32834811323134,0.0044832513854821485,0.0007525999899371527,131.6904176324108,2000,131.6904176324108,10.39094342101991,4000.0,2000.0,0.00042881161418553053,0.665977446583083,-13744.388499999995,2000,-11983.988954999999,19.999999999999986,2.175418249875229,58000.0,2.678075349998835,2.0,0.003455306317023185,-9835.734499999995,9.0,177.00814985617416,2,0,2,26.085,46.095,0.0010746130989528395,58000.0,58000.0,58000.0,4000.0,4000.0,4000.0,2000.0,2000.0,2000.0,0.0004855122541107024,-11005.085248333335,-4002.887121666667,-3993.1470066666657,-3987.954826666666,12000.0,174000.0,0.00257913,0.0015625000232830644,-0.11749039,9.919432,0.0003,16664.639,9.791071,10.0,1.0,294916,0.01,256.0,0.0017580986,120832,1.0878135,1208320,5350.280463034598,294916,18880000,4000.0,0,4000.0,120832,1888000,1208320,83598.24768735163,5350.282588315439,1.095001061912626e-05,0.00010494999878574163,7.159999950090419e-05,6.414999370463192e-05,1.0799994925037026e-05,2.5300003471784294e-05,1.1352838122738844,3.7892760898629676e-05,9.895750887063128e-05,0.00012741016129607706,0.00013583214013115818,0.00042999887633482536,4.602667181308284e-06,9.599561667500355e-06,9.93399799895209e-05,8.303531752970543e-05,6.724244462014636e-05,1.4312355483213766e-05,2.6055343140772097e-05,1.4936483552892203e-05,0.0011103167953583574,0.02078121682455156,0.11684780374373481,0.45327764219187583,0.498420616539301,1.5928326070479093e-05,0.03583465802919199,4.2792491253438535e-05,0.007910493730448788
1,62000.0,False,11,76942_00000,2026-01-15_15-19-03,1768486743,28.53476595878601,263.7250440120697,24224,DESKTOP-1HI26E8,127.0.0.1,263.7250440120697,11,22.446970615109812,2.471586796399444e-05,22.446531380334452,12.093309432539082,10.342952952099083,0.0044864258716322,0.0007525999899371527,131.6904176324108,2000,131.6904176324108,11.56028798701227,4000.0,2000.0,0.0004863681558455157,0.72483438064209,-13744.388499999995,2000,-12796.693084999995,21.999999999999986,2.1226770619453506,62000.0,2.678075349998835,2.0,0.003479314957860309,-10233.268,10.0,175.00154095519173,2,0,2,31.21951219512195,46.178048780487806,0.0011507016305613296,62000.0,62000.0,62000.0,4000.0,4000.0,4000.0,2000.0,2000.0,2000.0,0.0005253907024507895,-11729.532323333333,-4270.490304999999,-4266.712174999999,-4259.490604999999,12000.0,186000.0,0.005249362,0.0015625000232830644,0.004633179,9.963065,0.0003,17492.566,9.956865,11.0,1.0,294916,0.01,256.0,0.00023579597,120832,1.0841297,1329152,5293.387356592527,294916,20768000,4000.0,0,4000.0,120832,1888000,1329152,82709.34234629266,5293.391350792601,1.095001061912626e-05,0.00010494999878574163,7.159999950090419e-05,6.414999370463192e-05,1.0799994925037026e-05,2.5300003471784294e-05,1.135781539151059,4.041481248811262e-05,0.00010243410011118687,0.00013256787910557468,0.00014656778245793008,0.0004728149359029513,4.91100396223306e-06,1.0216766937854406e-05,0.0001142914385326032,8.960780939861542e-05,7.318692236411717e-05,1.4627109083427293e-05,3.152955875486238e-05,1.5537484312018414e-05,0.0011109286274053234,0.02082497465627002,0.11672747370627004,0.4540212907700044,0.49834514637383276,1.5958042793722025e-05,0.035821607448914126,4.3033566341829884e-05,0.0078338197931742
1,66000.0,False,12,76942_00000,2026-01-15_15-19-31,1768486771,28.45512104034424,292.18016505241394,24224,DESKTOP-1HI26E8,127.0.0.1,292.18016505241394,12,22.5069579939586,2.469070937406135e-05,22.50651749953103,12.139916299213693,10.356291235578134,0.004485452612866114,0.0007525999899371527,131.6904176324108,2000,131.6904176324108,12.200721795999124,4000.0,2000.0,0.0004687416598220534,0.7716868849010095,-14140.731,2000,-13099.834309999998,23.999999999999986,2.0757938506904408,66000.0,2.678075349998835,2.0,0.003463292147408193,-12157.7295,11.0,173.24119574672082,2,0,2,31.475,46.467499999999994,0.0011681474079611503,66000.0,66000.0,66000.0,4000.0,4000.0,4000.0,2000.0,2000.0,2000.0,0.0005301130186521529,-11998.037569999997,-4370.908581666667,-4367.947131666666,-4360.978596666665,12000.0,198000.0,0.0023467776,0.0007812500116415322,-0.09404944,9.817756,0.0003,17773.877,9.712837,12.0,1.0,294916,0.01,256.0,3.6597252e-05,120832,1.0872015,1449984,5240.688979598189,294916,22656000,4000.0,0,4000.0,120832,1888000,1449984,81885.81212844045,5240.690516966542,1.095001061912626e-05,0.00010494999878574163,7.159999950090419e-05,6.414999370463192e-05,1.0799994925037026e-05,2.5300003471784294e-05,1.1367888087594589,3.967244179277059e-05,0.00010102968635663958,0.0001362869901424884,0.00014665943229267458,0.0004861305107103682,5.022030744115592e-06,1.0253404743009643e-05,0.00011738410571034723,8.982868582375532e-05,7.468370989956265e-05,1.4350512113331538e-05,2.9856422177478757e-05,1.5049432339833338e-05,0.0011159023410680408,0.020890148909750043,0.11676829596911521,0.4546699828622634,0.49859536091022544,1.5999462441106452e-05,0.03589311137438142,4.323223066579589e-05,0.007761765595216134
1,70000.0,False,13,76942_00000,2026-01-15_15-20-00,1768486800,28.453641414642334,320.6338064670563,24224,DESKTOP-1HI26E8,127.0.0.1,320.6338064670563,13,22.56630838601905,2.4674802293038876e-05,22.565865282535746,12.183499117221574,10.37202273022233,0.0044809470866381965,0.0007525999899371527,131.6904176324108,2000,131.6904176324108,12.342837575992307,4000.0,2000.0,0.0004762473464482232,0.814747663996393,-14140.731,2000,-13348.406789999995,25.999999999999986,2.032142084960662,70000.0,2.678075349998835,2.0,0.0033987221517844633,-12780.1475,12.0,171.6603326463571,2,0,2,31.432500000000005,46.752500000000005,0.001139146986887237,70000.0,70000.0,70000.0,4000.0,4000.0,4000.0,2000.0,2000.0,2000.0,0.0005296549352028412,-12262.448156666662,-4464.306943333333,-4444.500438333333,-4439.599408333333,12000.0,210000.0,0.004246992,0.0003906250058207661,0.093389854,9.943453,0.0003,20190.404,10.025972,13.0,1.0,294916,0.01,256.0,0.00016528368,120832,1.0873344,1570816,5190.670943319139,294916,24544000,4000.0,0,4000.0,120832,1888000,1570816,81104.2971059513,5190.672735654374,1.095001061912626e-05,0.00010494999878574163,7.159999950090419e-05,6.414999370463192e-05,1.0799994925037026e-05,2.5300003471784294e-05,1.1381534236718707,3.820403603589536e-05,0.00010008185739268164,0.00013399514243592631,0.00014511026733304567,0.0004711556420560328,4.919321869248025e-06,1.009838194494879e-05,0.00011572779539706631,8.958751081652814e-05,7.540620682214588e-05,1.4290788212047339e-05,3.159063630478119e-05,1.6529235731640714e-05,0.0011278813177633337,0.02095566342068185,0.11703596900942584,0.455238629033734,0.49913014830119623,1.5989467794716174e-05,0.035888154260664544,4.3883908318657065e-05,0.007686669939259196
1,74000.0,False,14,76942_00000,2026-01-15_15-20-29,1768486829,28.82215428352356,349.45596075057983,24224,DESKTOP-1HI26E8,127.0.0.1,349.45596075057983,14,22.628784660158903,2.4735054279451515e-05,22.62833754571047,12.230139995049461,10.387792534920136,0.004475382615851787,0.0007525999899371527,131.6904176324108,2000,131.6904176324108,12.362039839997596,4000.0,2000.0,0.00047585446784871095,0.8553370155319279,-14140.731,2000,-13420.980229999996,27.999999999999986,1.993836112659046,74000.0,2.678075349998835,2.0,0.0034805450969201436,-12474.575499999997,13.0,170.00903665946026,2,0,2,32.6075,47.39,0.0011576598581225562,74000.0,74000.0,74000.0,4000.0,4000.0,4000.0,2000.0,2000.0,2000.0,0.0005254282975162251,-12352.939873333331,-4492.028159999999,-4466.868824999999,-4462.083245,12000.0,222000.0,0.003023288,0.00019531250291038305,-0.048640735,9.834979,0.0003,16470.96,9.77547,14.0,1.0,294916,0.01,256.0,5.9902668e-05,120832,1.0870451,1691648,5140.390661729922,294916,26432000,4000.0,0,4000.0,120832,1888000,1691648,80318.67415099892,5140.392832642554,1.095001061912626e-05,0.00010494999878574163,7.159999950090419e-05,6.414999370463192e-05,1.0799994925037026e-05,2.5300003471784294e-05,1.1416041004351818,3.913159652319812e-05,0.00010140876186662804,0.0001342830365192895,0.00014964608366897035,0.0004711999549123388,5.088156699664781e-06,1.0772046027709328e-05,0.00011568392114336549,8.85013867011404e-05,7.372320918980342e-05,1.4234428612782942e-05,2.989321507676438e-05,1.5367953078489824e-05,0.0011292415046371225,0.021005474786590532,0.11724976931934757,0.45623298274338736,0.5014351958181371,1.5941573096477357e-05,0.03585276671795261,4.380106918136624e-05,0.007613330239801879
1,78000.0,False,15,76942_00000,2026-01-15_15-20-56,1768486856,27.419146060943604,376.87510681152344,24224,DESKTOP-1HI26E8,127.0.0.1,376.87510681152344,15,22.676586246557356,2.476370380098904e-05,22.676136392253362,12.270411885098968,10.395278619571043,0.004469491789629369,0.0007525999899371527,131.6904176324108,2000,131.6904176324108,12.341726853000871,4000.0,2000.0,0.00044736335235780005,0.8914763106311353,-14140.731,2000,-13070.962229999997,29.999999999999986,1.9589454673050999,78000.0,2.678075349998835,2.0,0.0034235141907965243,-10678.431499999999,14.0,168.58192850748605,2,0,2,23.510256410256407,47.43076923076923,0.0010956844612499982,78000.0,78000.0,78000.0,4000.0,4000.0,4000.0,2000.0,2000.0,2000.0,0.0004920820072838244,-12021.302815000003,-4376.032171666667,-4352.188096666666,-4342.741961666667,12000.0,234000.0,0.006882231,0.00019531250291038305,0.12794907,9.653326,0.0003,12181.041,9.770605,15.0,1.0,294916,0.01,256.0,-6.3180923e-06,120832,1.0671113,1812480,5103.362278966334,294916,28320000,4000.0,0,4000.0,120832,1888000,1812480,79740.0844441522,5103.364596066801,1.095001061912626e-05,0.00010494999878574163,7.159999950090419e-05,6.414999370463192e-05,1.0799994925037026e-05,2.5300003471784294e-05,1.1426622184308057,3.891596607691523e-05,9.908370412280563e-05,0.00013088054729098181,0.00013989295773340503,0.000441113616088292,4.69454710903161e-06,1.0114407747231055e-05,0.00010448808058112105,8.385090113537072e-05,6.968897164827355e-05,1.3837935715242541e-05,2.7196607351188295e-05,1.4427763852887715e-05,0.0011337110895570952,0.021031846038771403,0.11726179962616659,0.45746294291590744,0.5012644118600251,1.593215734353337e-05,0.0358877860507582,4.380905853867612e-05,0.0075395879372747
1,82000.0,False,16,76942_00000,2026-01-15_15-21-23,1768486883,26.866267442703247,403.7413742542267,24224,DESKTOP-1HI26E8,127.0.0.1,403.7413742542267,16,22.718378301091782,2.474406675285381e-05,22.717926754330833,12.307765953247936,10.399678962375356,0.00446614887170416,0.0007525999899371527,131.6904176324108,2000,131.6904176324108,12.191178474000917,4000.0,2000.0,0.00041755119778971977,0.9160946564580229,-13513.481499999994,2000,-11995.235385000002,31.999999999999986,1.9223481259976367,82000.0,2.678075349998835,2.0,0.0034359905405630664,-10678.431499999999,15.0,167.5029523526802,2,0,2,21.17837837837838,47.12432432432431,0.0010615410722523084,82000.0,82000.0,82000.0,4000.0,4000.0,4000.0,2000.0,2000.0,2000.0,0.0004714466904352327,-11066.042178333337,-4013.8394649999996,-3993.209334999999,-3988.1865849999995,12000.0,246000.0,0.011685667,0.00019531250291038305,0.014569144,9.767765,0.0003,11787.311,9.771686,16.0,1.0,294916,0.01,256.0,7.265806e-05,120832,1.0649643,1933312,5072.713642201517,294916,30208000,4000.0,0,4000.0,120832,1888000,1933312,79261.23694646706,5072.714848888367,1.095001061912626e-05,0.00010494999878574163,7.159999950090419e-05,6.414999370463192e-05,1.0799994925037026e-05,2.5300003471784294e-05,1.1425987762465417,3.7721245165160715e-05,9.869996450959143e-05,0.00012744412181573704,0.00013812861912284704,0.0004197750577205935,4.640064498460079e-06,9.692969198199129e-06,9.462060494925292e-05,8.11657119394779e-05,6.485616445689326e-05,1.4059502330878024e-05,2.646629775351898e-05,1.400561276086652e-05,0.0011335739786696268,0.021101869578425542,0.117171345629868,0.4576053034867637,0.5011535667414969,1.5932835678744607e-05,0.03589099919038428,4.3817968010027385e-05,0.007467011057830375
1,86000.0,False,17,76942_00000,2026-01-15_15-21-50,1768486910,27.05868697166443,430.8000612258911,24224,DESKTOP-1HI26E8,127.0.0.1,430.8000612258911,17,22.76169136208087,2.4769626126813828e-05,22.76123753478759,12.345079175715522,10.405642535751594,0.004464288382932148,0.0007525999899371527,131.6904176324108,2000,131.6904176324108,11.970354419000069,4000.0,2000.0,0.000420141361518486,0.935934248951231,-12970.211999999998,2000,-11301.69645,34.000000000000036,1.8877598191955312,86000.0,2.678075349998835,2.0,0.0033870028348682293,-9939.493499999999,16.0,166.55129844089734,2,0,2,21.773684210526316,47.09736842105262,0.0010495490854763076,86000.0,86000.0,86000.0,4000.0,4000.0,4000.0,2000.0,2000.0,2000.0,0.0004650501171244158,-10457.677773333335,-3782.638599999999,-3761.073549999999,-3757.984299999999,12000.0,258000.0,0.0033813762,9.765625145519152e-05,-0.02280331,9.795937,0.0003,8706.429,9.762408,17.0,1.0,294916,0.01,256.0,9.596348e-06,120832,1.0727648,2054144,5041.996585734753,294916,32096000,4000.0,0,4000.0,120832,1888000,2054144,78781.22876091805,5041.997641611318,1.095001061912626e-05,0.00010494999878574163,7.159999950090419e-05,6.414999370463192e-05,1.0799994925037026e-05,2.5300003471784294e-05,1.1425987314841437,3.7711365687362273e-05,9.813340284861363e-05,0.00012419930634082268,0.00013401734153203627,0.0004157015420762883,4.58748678331766e-06,9.586168005216104e-06,9.26823738113213e-05,8.014030507759942e-05,6.465938927054113e-05,1.3636115325262707e-05,2.5342446589875197e-05,1.42093519745051e-05,0.0011387892388908245,0.02108737088266808,0.11711834817362475,0.4578279934518882,0.5011117060741114,1.5890507339737972e-05,0.03585014019854794,4.372078830712461e-05,0.007394723947207514
1,90000.0,False,18,76942_00000,2026-01-15_15-22-17,1768486937,27.047746419906616,457.84780764579773,24224,DESKTOP-1HI26E8,127.0.0.1,457.84780764579773,18,22.804464717460114,2.476492996963775e-05,22.804008237439724,12.379806630958399,10.413632274394136,0.004462941499179052,0.0007525999899371527,131.6904176324108,2000,131.6904176324108,11.760913587993127,4000.0,2000.0,0.0004180772928448548,0.9564066121890237,-12951.761999999999,2000,-10807.600714999999,36.000000000000036,1.8555223208395575,90000.0,2.678075349998835,2.0,0.003386234575274346,-9939.493499999999,17.0,165.66381320954645,2,0,2,21.90526315789474,47.00789473684211,0.0010531060447950093,90000.0,90000.0,90000.0,4000.0,4000.0,4000.0,2000.0,2000.0,2000.0,0.0004725492530886535,-10062.977673333335,-3614.812406666666,-3598.4669716666644,-3594.3213366666664,12000.0,270000.0,0.0019856528,4.882812572759576e-05,0.01383763,9.858629,0.0003,13184.5205,9.861702,18.0,1.0,294916,0.01,256.0,2.6226044e-06,120832,1.0765525,2174976,5012.916976998455,294916,33984000,4000.0,0,4000.0,120832,1888000,2174976,78327.01118318776,5012.921980368697,1.095001061912626e-05,0.00010494999878574163,7.159999950090419e-05,6.414999370463192e-05,1.0799994925037026e-05,2.5300003471784294e-05,1.1426950961693314,3.747171176688585e-05,9.687896380565153e-05,0.00012421120798519525,0.00013325442857322153,0.0004157055699739733,4.602227570001454e-06,9.77473672230683e-06,9.39825022536533e-05,8.005947720085522e-05,6.44016390726365e-05,1.356272788284938e-05,2.5221376480744598e-05,1.4314093038364631e-05,0.0011387773465404971,0.021087898173820046,0.11705311369179096,0.4579604065174575,0.5012511290134017,1.5871602313735597e-05,0.035814960796602666,4.38935805578006e-05,0.007323598707686705
1,94000.0,False,19,76942_00000,2026-01-15_15-22-47,1768486967,29.434974670410156,487.2827823162079,24224,DESKTOP-1HI26E8,127.0.0.1,487.2827823162079,19,22.870674819285615,2.4800280642055713e-05,22.870215381065332,12.433160285648787,10.426428348650102,0.004469443084260189,0.0007525999899371527,131.6904176324108,2000,131.6904176324108,11.735322284992872,4000.0,2000.0,0.0004884997982814099,0.9761629073944302,-13438.218999999997,2000,-11374.032924999998,38.000000000000036,1.8355413780412426,94000.0,2.678075349998835,2.0,0.0035641190793851,-9939.493499999999,18.0,164.2787675068246,2,0,2,40.18048780487805,46.31463414634147,0.0012415666905840996,94000.0,94000.0,94000.0,4000.0,4000.0,4000.0,2000.0,2000.0,2000.0,0.0005767499955831417,-10582.437871666665,-3804.7476499999993,-3786.8365449999983,-3782.4487299999996,12000.0,282000.0,0.0055700783,4.882812572759576e-05,0.0066479202,9.914461,0.0003,12513.525,9.9105215,19.0,1.0,294916,0.01,256.0,1.9073486e-06,120832,1.0586869,2295808,4967.195351128559,294916,35872000,4000.0,0,4000.0,120832,1888000,2295808,77612.47816017266,4967.196934120604,1.095001061912626e-05,0.00010494999878574163,7.159999950090419e-05,6.414999370463192e-05,1.0799994925037026e-05,2.5300003471784294e-05,1.145213719207592,4.0413222096539355e-05,0.0001077100472124179,0.00014357500601916358,0.00015980439044131902,0.0005173059381139053,5.554443271589681e-06,1.1271092496016532e-05,0.00013271201709069464,9.714374540319989e-05,8.104624030017824e-05,1.5042658860976593e-05,3.5222962711182335e-05,1.633242582856281e-05,0.001145471573099243,0.021197781192128513,0.11730689055485997,0.4594489624522782,0.5019269767233184,1.5891886343920186e-05,0.03587272018863965,4.3969644744669565e-05,0.007253237720673634
1,98000.0,False,20,76942_00000,2026-01-15_15-23-14,1768486994,26.831645011901855,514.1144273281097,24224,DESKTOP-1HI26E8,127.0.0.1,514.1144273281097,20,22.910199488092672,2.4792277771364584e-05,22.909738508254726,12.465212842792315,10.433790128163604,0.004483993653428875,0.0007525999899371527,131.6904176324108,2000,131.6904176324108,12.249483741994045,4000.0,2000.0,0.00041936212324834507,1.0001761371042848,-13438.218999999997,2000,-11857.421044999994,40.000000000000036,1.813694245563711,98000.0,2.678075349998835,2.0,0.0033466282884850743,-9939.493499999999,19.0,163.36398201844207,2,0,2,21.626315789473683,45.80263157894737,0.0010448862013470073,98000.0,98000.0,98000.0,4000.0,4000.0,4000.0,2000.0,2000.0,2000.0,0.00047003349259817494,-10988.996309999995,-3970.033864999999,-3948.314589999999,-3939.0725899999998,12000.0,294000.0,0.002258407,2.441406286379788e-05,-0.020931829,9.722431,0.0003,7652.8647,9.690845,20.0,1.0,294916,0.01,256.0,1.9669533e-06,120832,1.0654874,2416640,4943.683626548601,294916,37760000,4000.0,0,4000.0,120832,1888000,2416640,77245.13494444502,4943.6851253701525,1.095001061912626e-05,0.00010494999878574163,7.159999950090419e-05,6.414999370463192e-05,1.0799994925037026e-05,2.5300003471784294e-05,1.1455575210155193,3.7573645903237736e-05,9.693202477053522e-05,0.0001238332689102389,0.00013312085171267887,0.00041478102489149346,4.496089250536647e-06,9.659575458813961e-06,9.618450713202192e-05,8.021022755549324e-05,6.380761301443966e-05,1.3652646625261596e-05,2.5442069163400265e-05,1.3884254045743426e-05,0.0011458588573172068,0.02118883038030502,0.11750851464927292,0.45980409682775614,0.5018150609561097,1.588196759640643e-05,0.03585561798675418,4.386294835902357e-05,0.007183127343428268
1,102000.0,False,21,76942_00000,2026-01-15_15-23-41,1768487021,27.70525312423706,541.8196804523468,24224,DESKTOP-1HI26E8,127.0.0.1,541.8196804523468,21,22.958044808211742,2.4816355027525002e-05,22.95758164617212,12.498745195364307,10.44803065288199,0.004479247716890901,0.0007525999899371527,131.6904176324108,2000,131.6904176324108,12.169726027997967,4000.0,2000.0,0.00042620693406706544,1.0158371862760147,-13438.218999999997,2000,-11372.507829999999,42.000000000000036,1.787178276870798,102000.0,2.678075349998835,2.0,0.0033472058461715944,-10032.691999999995,20.0,162.56436059508695,2,0,2,26.189743589743586,45.78974358974358,0.0010549763411313066,102000.0,102000.0,102000.0,4000.0,4000.0,4000.0,2000.0,2000.0,2000.0,0.00046868345612432783,-10505.533841666664,-3804.2656349999993,-3786.1836049999984,-3782.058589999999,12000.0,306000.0,0.0039970293,1.220703143189894e-05,-0.07319721,9.756035,0.0003,9218.843,9.672211,21.0,1.0,294916,0.01,256.0,1.7881393e-06,120832,1.0626734,2537472,4913.530509688977,294916,39648000,4000.0,0,4000.0,120832,1888000,2537472,76773.96500789127,4913.532169799485,1.095001061912626e-05,0.00010494999878574163,7.159999950090419e-05,6.414999370463192e-05,1.0799994925037026e-05,2.5300003471784294e-05,1.1479590788053473,3.737849967558821e-05,9.846243405452356e-05,0.00012588826018854017,0.0001326635522053002,0.00041763373816536276,4.400814680060416e-06,9.600169107925244e-06,9.540167039252665e-05,7.976295910973566e-05,6.423103045462842e-05,1.3469513950077681e-05,2.5528786507360084e-05,1.4322774190524974e-05,0.0011453992686768155,0.02118305407651637,0.11752232350285921,0.4603205418594262,0.5037580863465894,1.583314788492172e-05,0.03586489680695668,4.3780318821329076e-05,0.007113908070092437
1,106000.0,False,22,76942_00000,2026-01-15_15-24-07,1768487047,26.041418313980103,567.8610987663269,24224,DESKTOP-1HI26E8,127.0.0.1,567.8610987663269,22,22.988786482129548,2.4796191467124413e-05,22.988321426710407,12.52229510541058,10.455191329353276,0.004472348239693511,0.0007525999899371527,131.6904176324108,2000,131.6904176324108,11.864594256997076,4000.0,2000.0,0.0003957370429081246,1.0358000413683455,-13438.218999999997,2000,-10984.944075,44.000000000000036,1.7611347822318173,106000.0,2.678075349998835,2.0,0.003083344010037853,-9195.626999999999,21.0,161.9022142995669,2,0,2,24.81081081081081,46.01081081081081,0.000994046324981426,106000.0,106000.0,106000.0,4000.0,4000.0,4000.0,2000.0,2000.0,2000.0,0.0004476546938731667,-10147.527829999995,-3670.030013333333,-3654.657218333332,-3660.2568433333327,12000.0,318000.0,0.0037803873,6.10351571594947e-06,-0.024174538,9.663821,0.0003,5543.8755,9.629149,22.0,1.0,294916,0.01,256.0,1.9073486e-06,120832,1.0496755,2658304,4899.3855773047435,294916,41536000,4000.0,0,4000.0,120832,1888000,2658304,76553.015335446,4899.387680577359,1.095001061912626e-05,0.00010494999878574163,7.159999950090419e-05,6.414999370463192e-05,1.0799994925037026e-05,2.5300003471784294e-05,1.1486234930173032,3.4175827655776777e-05,9.304284601268369e-05,0.00011618655876632852,0.00012783197824880083,0.0004004150113990851,4.149628791263193e-06,8.884723445854655e-06,9.344446797419743e-05,7.642294184786739e-05,6.252396129225417e-05,1.2477176225404662e-05,2.505260041565481e-05,1.3087407393539693e-05,0.0011459482760007836,0.021179039535789496,0.1176055862678367,0.46123752544077634,0.5035014134830804,1.5786816385780847e-05,0.035860842838986044,4.3673515534168354e-05,0.007046221989345391
1,110000.0,False,23,76942_00000,2026-01-15_15-24-35,1768487075,27.162212371826172,595.0233111381531,24224,DESKTOP-1HI26E8,127.0.0.1,595.0233111381531,23,23.03044624630823,2.4895229429818474e-05,23.029978615443266,12.55439638635643,10.464721295059748,0.004469405757332856,0.0007525999899371527,131.6904176324108,2000,131.6904176324108,11.327948807994254,4000.0,2000.0,0.0004262255983008514,1.0471177042014834,-11764.189999999999,2000,-10362.4018,46.000000000000036,1.7372218868570108,110000.0,2.678075349998835,2.0,0.003279886370665159,-9195.626999999999,22.0,161.22226227708785,2,0,2,25.892105263157895,45.952631578947376,0.001060115487161124,110000.0,110000.0,110000.0,4000.0,4000.0,4000.0,2000.0,2000.0,2000.0,0.00047656704823514494,-9619.678074999996,-3462.5184133333332,-3450.0921483333327,-3449.791238333333,12000.0,330000.0,0.0060611786,6.10351571594947e-06,-0.05538611,9.803975,0.0003,5558.946,9.7384,23.0,1.0,294916,0.01,256.0,1.3709068e-06,120832,1.0188917,2779136,4876.404422772957,294916,43424000,4000.0,0,4000.0,120832,1888000,2779136,76193.99002104331,4876.408891534253,1.095001061912626e-05,0.00010494999878574163,7.159999950090419e-05,6.414999370463192e-05,1.0799994925037026e-05,2.5300003471784294e-05,1.1504939590871417,3.764415348010408e-05,9.529036184314864e-05,0.00012546692698036605,0.0001349828352329702,0.00042860143270823895,4.45588382856939e-06,9.813489908176334e-06,0.00010153636440292268,8.197536043134032e-05,6.612295438485474e-05,1.3258551243059324e-05,2.6592907849692058e-05,1.4441177438214185e-05,0.001145059793261494,0.0211982661404735,0.11773449140514541,0.4614450551864089,0.5051628043483611,1.574294821686037e-05,0.03578682341052602,4.360078038563836e-05,0.006978210769488609
1,114000.0,False,24,76942_00000,2026-01-15_15-24-59,1768487099,24.20922327041626,619.2325344085693,24224,DESKTOP-1HI26E8,127.0.0.1,619.2325344085693,24,23.04214104984506,2.4963277221008252e-05,23.04167225228893,12.564506151492763,10.46628348210923,0.004465539699669635,0.0007525999899371527,131.6904176324108,2000,131.6904176324108,11.235846375995024,4000.0,2000.0,0.0003594079893376583,1.059299156538561,-11764.189999999999,2000,-9839.26593,48.000000000000036,1.7077337866748188,114000.0,2.678075349998835,2.0,0.0027978442752685444,-7048.171500000001,23.0,161.14896253978006,2,0,2,25.076470588235292,45.99411764705882,0.0009099768657628547,114000.0,114000.0,114000.0,4000.0,4000.0,4000.0,2000.0,2000.0,2000.0,0.00040530671199038627,-9188.793483333333,-3284.375401666667,-3279.8547816666664,-3275.035746666665,12000.0,342000.0,0.0112697035,6.10351571594947e-06,0.10242123,9.4916725,0.0003,4123.942,9.5843115,24.0,1.0,294916,0.01,256.0,2.9802322e-07,120832,0.9782487,2899968,4881.712906811485,294916,45312000,4000.0,0,4000.0,120832,1888000,2899968,76276.74927370118,4881.713471387658,1.095001061912626e-05,0.00010494999878574163,7.159999950090419e-05,6.414999370463192e-05,1.0799994925037026e-05,2.5300003471784294e-05,1.1513095784963427,3.016850485348208e-05,8.108400493494649e-05,0.00010569913661259718,0.00011697652607925758,0.0003640013751400456,3.7643045220636547e-06,8.286921839410231e-06,8.635377686937629e-05,6.899100567208784e-05,5.57978542056219e-05,1.1114934785693646e-05,2.218563589405022e-05,1.225369249372572e-05,0.0011456521953531567,0.02121592147908766,0.11781687149107566,0.4618572716346013,0.5055835723048459,1.5698518722014602e-05,0.03573804017646519,4.3537772657124114e-05,0.006913332661882296
1,118000.0,False,25,76942_00000,2026-01-15_15-25-22,1768487122,23.178411722183228,642.4109461307526,24224,DESKTOP-1HI26E8,127.0.0.1,642.4109461307526,25,23.043414814346523,2.494364445390182e-05,23.04294077576602,12.563504747977822,10.468520538288205,0.0044645163026882885,0.0007525999899371527,131.6904176324108,2000,131.6904176324108,10.550825475002494,4000.0,2000.0,0.00035969957540963595,1.0623423596583206,-9906.1265,2000,-8617.043105,50.000000000000064,1.661576293620079,118000.0,2.678075349998835,2.0,0.0025512741114720626,-5926.661000000001,24.0,161.73380932096646,2,0,2,24.5875,46.04062499999999,0.000890285043764112,118000.0,118000.0,118000.0,4000.0,4000.0,4000.0,2000.0,2000.0,2000.0,0.00039533194040258736,-8007.9866950000005,-2869.4414466666676,-2875.0992816666653,-2872.5023766666664,12000.0,354000.0,0.010746045,6.10351571594947e-06,-0.019354265,9.631414,0.0003,2757.2644,9.602917,25.0,1.0,294916,0.01,256.0,1.013279e-06,120832,0.91429776,3020800,4897.91855498434,294916,47200000,4000.0,0,4000.0,120832,1888000,3020800,76530.10350574745,4897.927677187104,1.095001061912626e-05,0.00010494999878574163,7.159999950090419e-05,6.414999370463192e-05,1.0799994925037026e-05,2.5300003471784294e-05,1.153133188711352,2.927347581878266e-05,7.72155800687699e-05,0.00010575054324181955,0.0001166241122861,0.00036742605012124647,3.7601345951698814e-06,8.050215856636658e-06,8.645447071002813e-05,6.773090735055225e-05,5.615122601987836e-05,1.0598211390793697e-05,2.242712932774365e-05,1.1981019341763592e-05,0.0011450986733290104,0.02122313326428146,0.1177592557762383,0.4620536569181706,0.5073796545816812,1.596353354668931e-05,0.03568648077462952,4.360039493907261e-05,0.0068471103353103515
1,122000.0,False,26,76942_00000,2026-01-15_15-25-49,1768487149,27.117319583892822,669.5282657146454,24224,DESKTOP-1HI26E8,127.0.0.1,669.5282657146454,26,23.084053884203005,2.4956208112611084e-05,23.083574734008376,12.59281524349811,10.479803651905272,0.00446052913973224,0.0007525999899371527,131.6904176324108,2000,131.6904176324108,9.893170736997417,4000.0,2000.0,0.00045704535156328694,1.0664797872137783,-9906.1265,2000,-7283.912215,52.000000000000064,1.6349304044731277,122000.0,2.678075349998835,2.0,0.003272351128286912,-2863.162000000001,25.0,161.26727440103878,2,0,2,26.736842105263158,46.06052631578948,0.0010874590502000074,122000.0,122000.0,122000.0,4000.0,4000.0,4000.0,2000.0,2000.0,2000.0,0.0004899243369423014,-6721.506103333335,-2428.98421,-2420.780165,-2434.14784,12000.0,366000.0,0.003155613,3.051757857974735e-06,0.035036307,9.389653,0.0003,907.5248,9.415866,26.0,1.0,294916,0.01,256.0,1.1920929e-06,120832,0.88235384,3141632,4875.523469825978,294916,49088000,4000.0,0,4000.0,120832,1888000,3141632,76180.08287525967,4875.525464327397,1.095001061912626e-05,0.00010494999878574163,7.159999950090419e-05,6.414999370463192e-05,1.0799994925037026e-05,2.5300003471784294e-05,1.1530425108241276,3.766530920516634e-05,9.806910835515772e-05,0.0001291986713543893,0.00013953515442029853,0.0004406706076566957,4.868502205465852e-06,9.96190051073049e-06,0.00010245302023648884,8.47253252017745e-05,6.769467242068145e-05,1.3874917110735427e-05,2.7260868450706585e-05,1.4895901540881122e-05,0.0011470786865660167,0.021230503931636037,0.11772456821849109,0.46224224734903296,0.5072531040358023,1.5920898229003224e-05,0.03562392896678714,4.351339102779533e-05,0.006787197231929502
1,126000.0,False,27,76942_00000,2026-01-15_15-26-17,1768487177,27.930554628372192,697.4588203430176,24224,DESKTOP-1HI26E8,127.0.0.1,697.4588203430176,27,23.132415065360956,2.5098645960464178e-05,23.131932647668318,12.623323797063078,10.497621516386317,0.004461705848423283,0.0007525999899371527,131.6904176324108,2000,131.6904176324108,10.486682789998738,4000.0,2000.0,0.00043611139138126614,1.0791026766081935,-7843.247,2000,-5345.220874999999,54.000000000000064,1.6255069435792482,126000.0,2.678075349998835,2.0,0.0032764922778417754,-2538.185000000001,26.0,160.5274338303823,2,0,2,25.58,46.065,0.0010595706359031814,126000.0,126000.0,126000.0,4000.0,4000.0,4000.0,2000.0,2000.0,2000.0,0.0004844005916088669,-4884.702055000001,-1785.3009066666664,-1770.763311666667,-1789.156656666667,12000.0,378000.0,0.006130115,3.051757857974735e-06,-0.008656938,9.161823,0.0003,573.77765,9.1448765,27.0,1.0,294916,0.01,256.0,3.5762787e-07,120832,0.82914877,3262464,4847.718857267012,294916,50976000,4000.0,0,4000.0,120832,1888000,3262464,75745.64109025976,4847.7206493617705,1.095001061912626e-05,0.00010494999878574163,7.159999950090419e-05,6.414999370463192e-05,1.0799994925037026e-05,2.5300003471784294e-05,1.1564703197159643,3.7049335017607274e-05,9.545138320633664e-05,0.0001251934510609107,0.00013558653360352623,0.0004293765669034895,4.621197938366092e-06,9.603163013893623e-06,0.00010304390187239086,8.360736122279925e-05,6.683205006729227e-05,1.3780897393820417e-05,2.6961364258863576e-05,1.4261409310830898e-05,0.0011473018996865207,0.021311069892302952,0.11790648953620665,0.46285500087567555,0.5099151129953909,1.5935689261962666e-05,0.035583781677258446,4.3700257051600225e-05,0.006721822259560587
1,130000.0,False,28,76942_00000,2026-01-15_15-26-46,1768487206,28.297183513641357,725.7560038566589,24224,DESKTOP-1HI26E8,127.0.0.1,725.7560038566589,28,23.18391639670739,2.508465955926464e-05,23.183431807191667,12.660448672092441,10.511943209222462,0.004472623789931283,0.0007525999899371527,131.6904176324108,2000,131.6904176324108,11.321846078003288,4000.0,2000.0,0.00043189031301134296,1.0968484710130946,-6955.143999999999,2000,-3872.0573050000007,56.000000000000064,1.6220572618288578,130000.0,2.678075349998835,2.0,0.003451012793039012,-2538.185000000001,27.0,159.47750230625135,2,0,2,25.98717948717949,46.12564102564101,0.0011000269236191781,130000.0,130000.0,130000.0,4000.0,4000.0,4000.0,2000.0,2000.0,2000.0,0.0004924105480003259,-3565.023316666667,-1294.130466666667,-1283.0263566666667,-1294.9004816666672,12000.0,390000.0,0.0029098333,1.5258789289873675e-06,0.0398768,9.277422,0.0003,789.6713,9.308979,28.0,1.0,294916,0.01,256.0,0.03341973,120832,0.8321071,3383296,4818.544701960729,294916,52864000,4000.0,0,4000.0,120832,1888000,3383296,75289.90275837471,4818.54917496173,1.095001061912626e-05,0.00010494999878574163,7.159999950090419e-05,6.414999370463192e-05,1.0799994925037026e-05,2.5300003471784294e-05,1.1571911795188459,3.808668757033423e-05,9.833558863720716e-05,0.00012855517538115714,0.00014040076378085952,0.00044837320550836863,4.71930336963034e-06,1.0256844806668748e-05,0.00010152868656811338,8.610351874688811e-05,6.776856446005597e-05,1.3810568009571529e-05,2.6627967929668305e-05,1.4549607298016995e-05,0.0011479378807799324,0.02135590019325244,0.11783184264087632,0.4631423168670018,0.5104449608654739,1.5908332355822098e-05,0.03558433386042848,4.364125444897967e-05,0.00665835903703565
1,134000.0,False,29,76942_00000,2026-01-15_15-27-14,1768487234,28.50816297531128,754.2641668319702,24224,DESKTOP-1HI26E8,127.0.0.1,754.2641668319702,29,23.23707001074033,2.511581307369099e-05,23.236584198119825,12.697051565371465,10.528452794130178,0.004463855551966878,0.0007525999899371527,131.6904176324108,2000,131.6904176324108,11.848231151004729,4000.0,2000.0,0.00047099176632733354,1.1096924830211854,-4299.4005,2000,-2971.310725000001,58.000000000000064,1.6208053488719962,134000.0,2.678075349998835,2.0,0.003399596980979291,-2538.185000000001,28.0,158.56440356496017,2,0,2,30.020000000000003,46.129999999999995,0.00112366291887947,134000.0,134000.0,134000.0,4000.0,4000.0,4000.0,2000.0,2000.0,2000.0,0.0005162007386195095,-2729.2558533333336,-989.6895216666668,-989.0689616666668,-992.5522416666671,12000.0,402000.0,0.0012498802,7.629394644936838e-07,-0.0016335532,9.532339,0.0003,926.62317,9.52219,29.0,1.0,294916,0.01,256.0,0.00678432,120832,0.8515506,3504128,4789.1630050983285,294916,54752000,4000.0,0,4000.0,120832,1888000,3504128,74830.701557094,4789.164819721128,1.095001061912626e-05,0.00010494999878574163,7.159999950090419e-05,6.414999370463192e-05,1.0799994925037026e-05,2.5300003471784294e-05,1.1609818337236244,3.753880364423864e-05,9.774249098128739e-05,0.00013182999215081783,0.00014385985509937372,0.00046587432745310496,5.07148882827805e-06,1.0294433567780487e-05,0.00011330254903684056,8.700900484765986e-05,7.260650103141628e-05,1.498654185034764e-05,2.94073994266714e-05,1.5131725377340006e-05,0.0011486225020446495,0.021397595191396005,0.11797516021453361,0.46437676969835706,0.5128201962568175,1.590724907120061e-05,0.03564684652183342,4.367584185293745e-05,0.006594143446652039
1,138000.0,False,30,76942_00000,2026-01-15_15-27-43,1768487263,28.795262336730957,783.0594291687012,24224,DESKTOP-1HI26E8,127.0.0.1,783.0594291687012,30,23.292549982632984,2.5082654856683807e-05,23.29206342813868,12.736843720717783,10.544092871188912,0.0044735109964486,0.0007525999899371527,131.6904176324108,2000,131.6904176324108,11.97969580499281,4000.0,2000.0,0.0004721759366380131,1.123601498239228,-3708.7030000000013,2000,-2791.64768,60.000000000000064,1.6217821310460423,138000.0,2.678075349998835,2.0,0.0034548857280383913,-2473.8379999999993,29.0,157.5555250123253,2,0,2,30.54390243902439,46.048780487804876,0.0011344072206000738,138000.0,138000.0,138000.0,4000.0,4000.0,4000.0,2000.0,2000.0,2000.0,0.0005201852886768994,-2560.9905150000004,-927.5810216666666,-932.7117616666667,-931.354896666667,12000.0,414000.0,0.002398007,3.814697322468419e-07,-0.045580085,9.046561,0.0003,344.7942,8.992753,30.0,1.0,294916,0.01,256.0,0.10626286,120832,0.82289857,3624960,4759.239717690615,294916,56640000,4000.0,0,4000.0,120832,1888000,3624960,74363.1363685732,4759.241646514529,1.095001061912626e-05,0.00010494999878574163,7.159999950090419e-05,6.414999370463192e-05,1.0799994925037026e-05,2.5300003471784294e-05,1.1617092753863012,3.89292672012027e-05,9.963115142636593e-05,0.00013386872394731178,0.0001443270757600053,0.00046684307773772776,4.939712182809769e-06,1.0756973926995783e-05,0.00011485805785898653,8.794879540411838e-05,7.391998782037764e-05,1.4535906768377011e-05,2.9364316891148398e-05,1.5036271937989847e-05,0.0011529442770497752,0.021427329239404477,0.11796057261236463,0.46478373400146417,0.5131435762941999,1.589517653566591e-05,0.035691729056506374,4.370808351314581e-05,0.006530681012289877
1,142000.0,False,31,76942_00000,2026-01-15_15-28-12,1768487292,28.853909254074097,811.9133384227753,24224,DESKTOP-1HI26E8,127.0.0.1,811.9133384227753,31,23.348035950806633,2.512782837921972e-05,23.347546992857215,12.772914683510667,10.563456249477035,0.004473957886514877,0.0007525999899371527,131.6904176324108,2000,131.6904176324108,12.147803664987295,4000.0,2000.0,0.00044849427705449243,1.1362004119847833,-3143.3035000000004,2000,-2666.926159999999,62.000000000000064,1.6197072338649563,142000.0,2.678075349998835,2.0,0.0034131450534506023,-2225.1455000000005,30.0,156.67285754031678,2,0,2,31.110000000000003,46.05499999999999,0.0011321251590284504,142000.0,142000.0,142000.0,4000.0,4000.0,4000.0,2000.0,2000.0,2000.0,0.0005046841034365468,-2452.165875,-881.8491,-891.823395,-893.2536650000002,12000.0,426000.0,0.0030409135,1.9073486612342094e-07,0.025458962,9.6363535,0.0003,1067.2524,9.653679,31.0,1.0,294916,0.01,256.0,0.013812721,120832,0.81345206,3745792,4729.754530390862,294916,58528000,4000.0,0,4000.0,120832,1888000,3745792,73902.55770787415,4729.759271301812,1.095001061912626e-05,0.00010494999878574163,7.159999950090419e-05,6.414999370463192e-05,1.0799994925037026e-05,2.5300003471784294e-05,1.1633154396325014,3.8401365916762535e-05,9.943116439875334e-05,0.0001315968014492211,0.00014531085058611614,0.0004634334318372174,4.932079763333544e-06,1.0270155052427574e-05,0.00011078632710028458,8.571590233806779e-05,6.953994041289187e-05,1.3885976814195948e-05,2.787292405695478e-05,1.4814104216686612e-05,0.001156180834374101,0.021440466947097593,0.11821886788626759,0.46532469066143645,0.5139143365312098,1.586822475678831e-05,0.03577427376586337,4.382400266877377e-05,0.006470642202116843
1,146000.0,False,32,76942_00000,2026-01-15_15-28-40,1768487320,27.79049563407898,839.7038340568542,24224,DESKTOP-1HI26E8,127.0.0.1,839.7038340568542,32,23.392381870298564,2.511855004638594e-05,23.39189006692868,12.810972379675658,10.569703405982203,0.004477446307591174,0.0007525999899371527,131.6904176324108,2000,131.6904176324108,12.159514441995999,4000.0,2000.0,0.0004416156135652146,1.1509441856504865,-3143.3035000000004,2000,-2486.829565,64.00000000000006,1.6197500966774725,146000.0,2.678075349998835,2.0,0.0034323199715519124,-1903.8755000000006,31.0,155.70279429524044,2,0,2,28.487179487179493,46.07179487179488,0.0011094951252900984,146000.0,146000.0,146000.0,4000.0,4000.0,4000.0,2000.0,2000.0,2000.0,0.0004944291046565244,-2309.445268333334,-818.0125583333335,-835.8060133333336,-833.0109933333332,12000.0,438000.0,0.0024934008,9.536743306171047e-08,-0.02163166,8.489295,0.0003,231.6931,8.459841,32.0,1.0,294916,0.01,256.0,0.0076432824,120832,0.782286,3866624,4710.225272664038,294916,60416000,4000.0,0,4000.0,120832,1888000,3866624,73597.28185227867,4710.227542831262,1.095001061912626e-05,0.00010494999878574163,7.159999950090419e-05,6.414999370463192e-05,1.0799994925037026e-05,2.5300003471784294e-05,1.163089260236167,3.8192810187407204e-05,9.918889347699966e-05,0.00013095924054381348,0.00015071373947736985,0.0004442538418630112,4.792966867798116e-06,1.009974885618922e-05,0.00010514222846603868,8.495855273777953e-05,6.930579110530342e-05,1.398214655507191e-05,2.7409236858077325e-05,1.462860365473192e-05,0.0011569290260504393,0.021436130277641487,0.11816210120744591,0.4654632297548091,0.5137138431660105,1.582054248131428e-05,0.0357372050281634,4.3755762694584684e-05,0.006408395780055358
1,150000.0,False,33,76942_00000,2026-01-15_15-29-07,1768487347,26.959572792053223,866.6634068489075,24224,DESKTOP-1HI26E8,127.0.0.1,866.6634068489075,33,23.42792057559555,2.5133364534109182e-05,23.427426698259385,12.84135716587892,10.574793946922375,0.00448370584457718,0.0007525999899371527,131.6904176324108,2000,131.6904176324108,12.094263747006188,4000.0,2000.0,0.00044105581166653735,1.152300418550578,-2609.3295000000007,2000,-2179.169695,66.00000000000006,1.6143330298066114,150000.0,2.678075349998835,2.0,0.003391311667035906,-1624.249,32.0,155.29658570880676,2,0,2,23.092105263157897,45.892105263157895,0.0010823017906013185,150000.0,150000.0,150000.0,4000.0,4000.0,4000.0,2000.0,2000.0,2000.0,0.00048544643816924096,-2032.7355450000002,-715.0973466666666,-732.8236766666668,-731.2486716666666,12000.0,450000.0,0.0018519182,4.7683716530855236e-08,-0.017537614,8.605917,0.0003,192.29863,8.580669,33.0,1.0,294916,0.01,256.0,0.03185761,120832,0.77094203,3987456,4698.516674586587,294916,62304000,4000.0,0,4000.0,120832,1888000,3987456,73414.59675689242,4698.521797610909,1.095001061912626e-05,0.00010494999878574163,7.159999950090419e-05,6.414999370463192e-05,1.0799994925037026e-05,2.5300003471784294e-05,1.163186373633854,3.819063980243691e-05,9.80249634905073e-05,0.00012786646819045965,0.00013803176583724295,0.0004375398258839792,4.809196860692166e-06,9.95705357077339e-06,0.00010153674625453438,8.312020206386079e-05,6.682131891345576e-05,1.3928592086757486e-05,2.6907439540541762e-05,1.4495087285425535e-05,0.0011566447357176737,0.021418530974842826,0.11837204619531894,0.46549451645715506,0.5136829007343293,1.5770337005751504e-05,0.035707524977873425,4.374920500254497e-05,0.006346924822215352
1,154000.0,False,34,76942_00000,2026-01-15_15-29-34,1768487374,27.419180870056152,894.0825877189636,24224,DESKTOP-1HI26E8,127.0.0.1,894.0825877189636,34,23.467753291839603,2.5166030868496923e-05,23.467256165276883,12.875750173220156,10.580202214453173,0.0044783717861386525,0.0007525999899371527,131.6904176324108,2000,131.6904176324108,11.967882650000975,4000.0,2000.0,0.00043101507467836894,1.1533431292915586,-2395.5514999999996,2000,-1926.5840850000004,68.00000000000006,1.6101293065827256,154000.0,2.678075349998835,2.0,0.003380956377001477,-1620.7154999999993,33.0,154.82029619638163,2,0,2,23.45,45.67894736842104,0.0010897566437065292,154000.0,154000.0,154000.0,4000.0,4000.0,4000.0,2000.0,2000.0,2000.0,0.0004783824393618679,-1785.9508250000001,-632.4627,-647.349445,-646.7719400000001,12000.0,462000.0,0.0025820034,2.3841858265427618e-08,-0.080045596,8.51852,0.0003,203.29054,8.430548,34.0,1.0,294916,0.01,256.0,0.03172064,120832,0.7927269,4108288,4683.473403493508,294916,64192000,4000.0,0,4000.0,120832,1888000,4108288,73179.26226971204,4683.473864238421,1.095001061912626e-05,0.00010494999878574163,7.159999950090419e-05,6.414999370463192e-05,1.0799994925037026e-05,2.5300003471784294e-05,1.1636042398975142,3.9162623015265614e-05,9.653315555562148e-05,0.0001306035849798441,0.00013551801238367883,0.00044884595377764726,4.638026527162502e-06,1.0000215545479191e-05,0.00010006329612553793,8.206707996477635e-05,6.628307275948536e-05,1.3542615349656682e-05,2.633617039388448e-05,1.4525836014192878e-05,0.0011622222883726917,0.021401713665029923,0.11838852473337927,0.46609131029252465,0.5135735687269597,1.573263367631828e-05,0.035695771728015684,4.3802712907737806e-05,0.006287898574063948
1,158000.0,False,35,76942_00000,2026-01-15_15-30-02,1768487402,27.23641538619995,921.3190031051636,24224,DESKTOP-1HI26E8,127.0.0.1,921.3190031051636,35,23.505347980921236,2.5124370558144887e-05,23.504850333624088,12.90695248848801,10.58656316230856,0.004474636068261851,0.0007525999899371527,131.6904176324108,2000,131.6904176324108,11.863816720992473,4000.0,2000.0,0.0004285342121915175,1.153389444865871,-1960.3359999999996,2000,-1766.5121100000001,70.00000000000006,1.6067414112838538,158000.0,2.678075349998835,2.0,0.003387917759444167,-1620.7154999999993,34.0,154.43788138053708,2,0,2,22.77179487179487,45.51538461538461,0.0010733638812500887,158000.0,158000.0,158000.0,4000.0,4000.0,4000.0,2000.0,2000.0,2000.0,0.0004829737298738488,-1621.57298,-584.5158,-591.0337549999998,-590.9625549999998,12000.0,474000.0,0.0032658693,1.1920929132713809e-08,-0.005869299,8.51653,0.0003,148.19328,8.503034,35.0,1.0,294916,0.01,256.0,0.07423484,120832,0.76265943,4229120,4670.763981866313,294916,66080000,4000.0,0,4000.0,120832,1888000,4229120,72980.79601018585,4670.766952455483,1.095001061912626e-05,0.00010494999878574163,7.159999950090419e-05,6.414999370463192e-05,1.0799994925037026e-05,2.5300003471784294e-05,1.1636834564984413,3.838513841365613e-05,9.814044771430724e-05,0.00012666601152871388,0.00013568177873943613,0.0004334372830369017,4.690405830017769e-06,9.791722827926498e-06,9.940106348998159e-05,8.238256661863153e-05,6.717579923035753e-05,1.3776554616879388e-05,2.6759703500400294e-05,1.4416148000631392e-05,0.0011685550654191902,0.021433377528467266,0.11845180548600284,0.4664211111896135,0.5133064930397557,1.5718307409793582e-05,0.03567534101077138,4.383168569665003e-05,0.006227427588323595
1,162000.0,False,36,76942_00000,2026-01-15_15-30-30,1768487430,28.49762201309204,949.8166251182556,24224,DESKTOP-1HI26E8,127.0.0.1,949.8166251182556,36,23.555188674111943,2.515012692450997e-05,23.55468724128784,12.94279504660322,10.600517001685411,0.004476006707599109,0.0007525999899371527,131.6904176324108,2000,131.6904176324108,11.817592559997284,4000.0,2000.0,0.00044889135671470523,1.1550123565189292,-1921.2455000000004,2000,-1724.5644200000004,72.00000000000006,1.6040232285713825,162000.0,2.678075349998835,2.0,0.003436391002406823,-1347.4394999999995,35.0,153.9164401825537,2,0,2,28.95,45.41,0.0011088756070416297,162000.0,162000.0,162000.0,4000.0,4000.0,4000.0,2000.0,2000.0,2000.0,0.0005045356843362031,-1573.4864399999997,-572.3872783333333,-578.5912683333331,-573.5858733333333,12000.0,486000.0,0.0035209616,5.9604645663569045e-09,0.15518779,7.534969,0.0003,127.20601,7.6824884,36.0,1.0,294916,0.01,256.0,0.0013346672,120832,0.7668199,4349952,4648.902026718812,294916,67968000,4000.0,0,4000.0,120832,1888000,4349952,72639.15405493109,4648.903617665663,1.095001061912626e-05,0.00010494999878574163,7.159999950090419e-05,6.414999370463192e-05,1.0799994925037026e-05,2.5300003471784294e-05,1.1654697729334813,3.814303094554586e-05,9.961812999959027e-05,0.00013014911358261202,0.00014059711271776964,0.0004542169469094662,4.757057987993116e-06,9.973075461723603e-06,0.00010621991144672397,8.816207270511233e-05,6.981014627120424e-05,1.3844279208337943e-05,2.7804921288953587e-05,1.6204247204410943e-05,0.0011778485147294255,0.021444735753131643,0.11853617043115437,0.46761916807762716,0.5137959451093689,1.5672124307789497e-05,0.03573268260067831,4.3792368821964184e-05,0.0061676743124279695
1,166000.0,False,37,76942_00000,2026-01-15_15-30-58,1768487458,27.85057759284973,977.6672027111053,24224,DESKTOP-1HI26E8,127.0.0.1,977.6672027111053,37,23.59806664537084,2.5112625684055774e-05,23.597564678874935,12.976752594137176,10.609414972668661,0.004468198640605356,0.0007525999899371527,131.6904176324108,2000,131.6904176324108,11.92901908600528,4000.0,2000.0,0.00046881809220686256,1.1638622022790455,-1795.9175,2000,-1597.3592349999997,74.00000000000006,1.604834029638076,166000.0,2.678075349998835,2.0,0.0034464704839359305,-1347.4394999999995,36.0,153.26497510480584,2,0,2,26.807894736842105,45.47894736842107,0.0011030710375136141,166000.0,166000.0,166000.0,4000.0,4000.0,4000.0,2000.0,2000.0,2000.0,0.0004979069723944852,-1465.210953333333,-528.69159,-537.1008149999999,-531.5668299999998,12000.0,498000.0,0.0020423275,2.9802322831784522e-09,0.100546055,8.012158,0.0003,141.97511,8.105065,37.0,1.0,294916,0.01,256.0,0.11025834,120832,0.76388085,4470784,4633.006143836298,294916,69856000,4000.0,0,4000.0,120832,1888000,4470784,72390.72512337341,4633.006839475908,1.095001061912626e-05,0.00010494999878574163,7.159999950090419e-05,6.414999370463192e-05,1.0799994925037026e-05,2.5300003471784294e-05,1.166663419204232,3.840210648940138e-05,9.804166876313258e-05,0.00012805721035501078,0.0001395834392975554,0.0004537866377909628,4.702035873682127e-06,1.0415769182397332e-05,0.000105355484125912,8.536566944064469e-05,6.876828091578609e-05,1.3724461107843993e-05,2.7774344670366997e-05,1.5424835242607984e-05,0.001188760029623752,0.021442907395540205,0.11870393272685849,0.4680062683969735,0.5143798746583992,1.5832403004680412e-05,0.0358361577746875,4.4072445071222994e-05,0.006110879569370262
1,170000.0,False,38,76942_00000,2026-01-15_15-31-26,1768487486,27.666882753372192,1005.3340854644775,24224,DESKTOP-1HI26E8,127.0.0.1,1005.3340854644775,38,23.63865096091711,2.5174499482245203e-05,23.638145572086206,13.008329821195817,10.61838739194202,0.004464249654259147,0.0007525999899371527,131.6904176324108,2000,131.6904176324108,12.010273342004803,4000.0,2000.0,0.00045234135336331526,1.1660624089775184,-1795.9175,2000,-1493.6029549999992,76.00000000000006,1.6034920065876233,170000.0,2.678075349998835,2.0,0.0033725822275900174,-1347.4394999999995,37.0,152.8246287805985,2,0,2,24.553846153846155,45.32051282051282,0.00109829877616095,170000.0,170000.0,170000.0,4000.0,4000.0,4000.0,2000.0,2000.0,2000.0,0.0005000376783312029,-1380.5860316666665,-494.60607666666647,-502.17174166666666,-496.8251366666664,12000.0,510000.0,0.003631406,1.4901161415892261e-09,-0.05004999,10.0,0.0003,1627.1774,9.942976,38.0,1.0,294916,0.01,256.0,0.02076888,120832,0.6973565,4591616,4619.416375976063,294916,71744000,4000.0,0,4000.0,120832,1888000,4591616,72178.37276719675,4619.416640948341,1.095001061912626e-05,0.00010494999878574163,7.159999950090419e-05,6.414999370463192e-05,1.0799994925037026e-05,2.5300003471784294e-05,1.1689135330122364,3.743551381583147e-05,9.746011230024688e-05,0.00012891798570255437,0.00014039755621822887,0.00044761399357219395,4.700565433035623e-06,9.799249128959933e-06,0.00010452622977287196,9.080920926469354e-05,6.883339992380361e-05,1.3635622160943655e-05,2.7956593806004345e-05,1.489411473481001e-05,0.0011878934294278142,0.02144833432162453,0.11892752539963272,0.4683338997129455,0.5161229609118005,1.5796079030486886e-05,0.03584898819696116,4.3964720682311464e-05,0.006053541773723541
1,174000.0,False,39,76942_00000,2026-01-15_15-31-53,1768487513,27.08592677116394,1032.4200122356415,24224,DESKTOP-1HI26E8,127.0.0.1,1032.4200122356415,39,23.673023634307985,2.519075434531969e-05,23.672516527365335,13.038661452983828,10.622405315022645,0.004463838157781893,0.0007525999899371527,131.6904176324108,2000,131.6904176324108,12.007699794997318,4000.0,2000.0,0.00045589772353728356,1.1683983951962467,-1666.0665,2000,-1478.8850499999999,78.00000000000006,1.599838159033224,174000.0,2.678075349998835,2.0,0.003362733184600988,-1347.4394999999995,38.0,152.42554132991734,2,0,2,23.610526315789475,45.29999999999999,0.0010955828857208243,174000.0,174000.0,174000.0,4000.0,4000.0,4000.0,2000.0,2000.0,2000.0,0.0004887745270028589,-1366.138446666666,-490.1406849999998,-496.34376999999995,-492.4005949999997,12000.0,522000.0,0.00939886,1.4901161415892261e-09,-0.010383445,10.0,0.0003,1470.9409,9.982387,39.0,1.0,294916,0.01,256.0,0.020294309,120832,0.7231067,4712448,4611.133098495916,294916,73632000,4000.0,0,4000.0,120832,1888000,4712448,72048.93599653908,4611.133470057218,1.095001061912626e-05,0.00010494999878574163,7.159999950090419e-05,6.414999370463192e-05,1.0799994925037026e-05,2.5300003471784294e-05,1.1696593496821537,3.794835517633343e-05,9.949337909315517e-05,0.00012927599288247005,0.0001386618400810129,0.0004445066996903108,4.836670198887322e-06,1.0077599684372901e-05,0.00010207414642274123,8.444341251316492e-05,6.799228560507812e-05,1.3688130464956545e-05,2.727839067043447e-05,1.4682052337204634e-05,0.0011878314951831682,0.02149885297849569,0.11893658214554902,0.4688047547158767,0.5163954493028137,1.575311824273384e-05,0.03585377531498829,4.3889073482300044e-05,0.0059961153560856625
1,178000.0,False,40,76942_00000,2026-01-15_15-32-20,1768487540,27.379411697387695,1059.7994239330292,24224,DESKTOP-1HI26E8,127.0.0.1,1059.7994239330292,40,23.710000101964827,2.521384685858404e-05,23.70949108009167,13.059978889453967,10.638033589872368,0.004466800776173364,0.0007525999899371527,131.6904176324108,2000,131.6904176324108,11.919338513001424,4000.0,2000.0,0.0004398438849720525,1.1658104099046978,-1666.0665,2000,-1466.234564999999,80.00000000000006,1.5899838316533939,178000.0,2.678075349998835,2.0,0.0032450185812363313,-1338.314499999999,39.0,152.4205263615461,2,0,2,24.207894736842103,45.28947368421052,0.0010501315633799247,178000.0,178000.0,178000.0,4000.0,4000.0,4000.0,2000.0,2000.0,2000.0,0.0004671753694573019,-1339.7344816666662,-487.5563366666665,-491.96469666666644,-486.71353166666654,12000.0,534000.0,0.0018639137,7.450580707946131e-10,-0.08018811,10.0,0.0003,1396.9945,9.912491,40.0,1.0,294916,0.01,256.0,0.015899599,120832,0.73201066,4833280,4600.875734612277,294916,75520000,4000.0,0,4000.0,120832,1888000,4833280,71888.66994948772,4600.876049037374,1.095001061912626e-05,0.00010494999878574163,7.159999950090419e-05,6.414999370463192e-05,1.0799994925037026e-05,2.5300003471784294e-05,1.1741094441853401,3.68530482657243e-05,9.473500741748864e-05,0.00012540005830817216,0.00013319484711552752,0.0004230901785690555,4.546076549432849e-06,9.83582905830057e-06,9.653070713896633e-05,8.048590092369693e-05,6.452246331273539e-05,1.3607284032273359e-05,2.5683225293000308e-05,1.3997853511604492e-05,0.001190989180199286,0.021553352448614234,0.11899567432413903,0.4700994211687013,0.5194212798097806,1.574558703832729e-05,0.035926009561947254,4.381518276190323e-05,0.005940152202554048
1,182000.0,False,41,76942_00000,2026-01-15_15-32-48,1768487568,27.36486840248108,1087.1642923355103,24224,DESKTOP-1HI26E8,127.0.0.1,1087.1642923355103,41,23.746466316945067,2.5237708308811085e-05,23.745955131290707,13.089336286559384,10.645104756973604,0.004463588768447027,0.0007525999899371527,131.6904176324108,2000,131.6904176324108,11.706156491011061,4000.0,2000.0,0.00045230355137348835,1.175485795542696,-1666.0665,2000,-1420.1627999999996,82.00000000000006,1.586151512604826,182000.0,2.678075349998835,2.0,0.0033574656753443503,-1318.823499999999,40.0,151.8534332884318,2,0,2,26.366666666666667,45.27948717948718,0.0011042483288539503,182000.0,182000.0,182000.0,4000.0,4000.0,4000.0,2000.0,2000.0,2000.0,0.0005029714711704772,-1295.5197149999995,-469.91205666666656,-476.3675566666664,-473.8831866666666,12000.0,546000.0,0.003320621,3.7252903539730653e-10,0.02071434,10.0,0.0003,1448.2852,10.013654,41.0,1.0,294916,0.01,256.0,0.02502215,120832,0.706012,4954112,4590.427544358969,294916,77408000,4000.0,0,4000.0,120832,1888000,4954112,71725.41073782793,4590.4278358793445,1.095001061912626e-05,0.00010494999878574163,7.159999950090419e-05,6.414999370463192e-05,1.0799994925037026e-05,2.5300003471784294e-05,1.1740661157434842,4.517629419293905e-05,9.878582474297573e-05,0.00012875727027888826,0.00013743659714577256,0.00044299297993530956,4.630307925180273e-06,9.96811060031084e-06,0.0001061365168668575,8.518105173301111e-05,6.932672802826694e-05,1.3859761691662416e-05,2.7554359395506185e-05,1.4777443116604086e-05,0.0011943392883246593,0.021553988924040472,0.11922899558089967,0.47001095795703496,0.5193028950118,1.5723131177266554e-05,0.035912759466394384,4.37620309554811e-05,0.005883399680617657
1,186000.0,False,42,76942_00000,2026-01-15_15-33-13,1768487593,24.771065950393677,1111.935358285904,24224,DESKTOP-1HI26E8,127.0.0.1,1111.935358285904,42,23.75663192477556,2.522633131458605e-05,23.75611828797778,13.09824555369384,10.64632015640395,0.004452979880836831,0.0007525999899371527,131.6904176324108,2000,131.6904176324108,11.63573511601091,4000.0,2000.0,0.00037153151397811715,1.17511183011977,-1427.4129999999996,2000,-1379.2908049999999,84.00000000000006,1.5764357672337288,186000.0,2.678075349998835,2.0,0.0028774775839415546,-1318.823499999999,41.0,152.13727903459585,2,0,2,24.352941176470587,45.23823529411764,0.0009324945590541917,186000.0,186000.0,186000.0,4000.0,4000.0,4000.0,2000.0,2000.0,2000.0,0.00041302268639585495,-1248.101523333333,-456.2783616666665,-457.5671566666664,-465.4452866666665,12000.0,558000.0,0.0033275613,1.8626451769865326e-10,0.048812605,10.0,0.0003,1547.289,10.041929,42.0,1.0,294916,0.01,256.0,0.027693987,120832,0.68830377,5074944,4604.388389138412,294916,79296000,4000.0,0,4000.0,120832,1888000,5074944,71943.55427397839,4604.388670989089,1.095001061912626e-05,0.00010494999878574163,7.159999950090419e-05,6.414999370463192e-05,1.0799994925037026e-05,2.5300003471784294e-05,1.1753089645860983,3.3389108361405794e-05,8.319643695190061e-05,0.00010920168811352777,0.00011800567800348104,0.0003770186164566451,3.9617633637764185e-06,8.5101522378389e-06,8.66771410152555e-05,7.123900302734641e-05,5.709371620430889e-05,1.1626193660575674e-05,2.2550467356063334e-05,1.2438947002524494e-05,0.0011934048954503384,0.02159659803480121,0.11910086762505669,0.4698266363774543,0.5209547500617022,1.5681899875660205e-05,0.035833576871805245,4.372741065866492e-05,0.005828312683821233
